Workbook

Sheet Inputs
A1: O9010 — Torus Groove Contour Validator V3
A2: Edit blue cells only. GCode tab generates automatically.
A4: Parameter | B4: Value | C4: Units
A5: I — XY circle radius (tool centerline) | B5: 1.165 | C5: inches
A6: J — XZ minor arc radius | B6: 5.197 | C6: inches
A7: DIR — direction +1=CCW / -1=CW | B7: 1
A8: Xctr — center X | B8: 0 | C8: inches
A9: Yctr — center Y | B9: 0 | C9: inches
A10: Step — angular increment (degrees) | B10: 1 | C10: degrees
A11: R — retract plane Z | B11: 1 | C11: inches
A12: S — spindle speed | B12: 1200 | C12: RPM
A13: F — feed rate (IPM) | B13: 8 | C13: IPM
A14: H — tool length offset number | B14: 1
A16: Derived values
A17: XY diameter (2×I) | B17: =2*B5 -> 2.33 | C17: inches
A18: Half-subtended angle ASIN(I/J) | B18: =DEGREES(ASIN(B5/B6)) -> 12.953946 | C18: degrees
A19: Max B tilt = half subtended | B19: =DEGREES(ASIN(B5/B6)) -> 12.953946 | C19: degrees
A20: Max Z depth | B20: =-B6*(1-COS(RADIANS(DEGREES(ASIN(B5/B6))))) -> -0.13226072 | C20: inches
A21: Total Z excursion | B21: =ABS(2*B6*(1-COS(RADIANS(DEGREES(ASIN(B5/B6)))))) -> 0.26452143 | C21: inches
A22: Contour steps (360/Step) | B22: =360/B10 -> 360 | C22: blocks
A24: Geometry: phi=ASIN(I*SIN(C)/J) — correct for I<>J.

Sheet Data
A1: C (deg) | B1: Theta (deg) | C1: phi (deg) | D1: X (in.) | E1: Y (in.) | F1: Z (in.) | G1: B (deg) | H1: R_check (in.)
A2: =0*Inputs!$B$10*Inputs!$B$7 -> 0 | B2: =0*Inputs!$B$10 -> 0 | C2: =DEGREES(ASIN(MIN(MAX(Inputs!$B$5/Inputs!$B$6*SIN(RADIANS(A2)),-1),1))) -> 0 | D2: =Inputs!$B$8+Inputs!$B$5*COS(RADIANS(A2)) -> 1.165 | E2: =Inputs!$B$9+Inputs!$B$5*SIN(RADIANS(A2)) -> 0 | F2: =-Inputs!$B$6*(1-COS(RADIANS(C2))) -> 0 | G2: =C2*Inputs!$B$7 -> 0 | H2: =SQRT(D2^2+E2^2) -> 1.165
A3: =1*Inputs!$B$10*Inputs!$B$7 -> 1 | B3: =1*Inputs!$B$10 -> 1 | C3: =DEGREES(ASIN(MIN(MAX(Inputs!$B$5/Inputs!$B$6*SIN(RADIANS(A3)),-1),1))) -> 0.22415698 | D3: =Inputs!$B$8+Inputs!$B$5*COS(RADIANS(A3)) -> 1.1648226 | E3: =Inputs!$B$9+Inputs!$B$5*SIN(RADIANS(A3)) -> 0.020332053 | F3: =-Inputs!$B$6*(1-COS(RADIANS(C3))) -> -3.9772367e-05 | G3: =C3*Inputs!$B$7 -> 0.22415698 | H3: =SQRT(D3^2+E3^2) -> 1.165
A4: =2*Inputs!$B$10*Inputs!$B$7 -> 2 | B4: =2*Inputs!$B$10 -> 2 | C4: =DEGREES(ASIN(MIN(MAX(Inputs!$B$5/Inputs!$B$6*SIN(RADIANS(A4)),-1),1))) -> 0.44824911 | D4: =Inputs!$B$8+Inputs!$B$5*COS(RADIANS(A4)) -> 1.1642903 | E4: =Inputs!$B$9+Inputs!$B$5*SIN(RADIANS(A4)) -> 0.040657914 | F4: =-Inputs!$B$6*(1-COS(RADIANS(C4))) -> -0.00015904284 | G4: =C4*Inputs!$B$7 -> 0.44824911 | H4: =SQRT(D4^2+E4^2) -> 1.165
A5: =3*Inputs!$B$10*Inputs!$B$7 -> 3 | B5: =3*Inputs!$B$10 -> 3 | C5: =DEGREES(ASIN(MIN(MAX(Inputs!$B$5/Inputs!$B$6*SIN(RADIANS(A5)),-1),1))) -> 0.67221155 | D5: =Inputs!$B$8+Inputs!$B$5*COS(RADIANS(A5)) -> 1.1634034 | E5: =Inputs!$B$9+Inputs!$B$5*SIN(RADIANS(A5)) -> 0.060971389 | F5: =-Inputs!$B$6*(1-COS(RADIANS(C5))) -> -0.00035767156 | G5: =C5*Inputs!$B$7 -> 0.67221155 | H5: =SQRT(D5^2+E5^2) -> 1.165
A6: =4*Inputs!$B$10*Inputs!$B$7 -> 4 | B6: =4*Inputs!$B$10 -> 4 | C6: =DEGREES(ASIN(MIN(MAX(Inputs!$B$5/Inputs!$B$6*SIN(RADIANS(A6)),-1),1))) -> 0.89597947 | D6: =Inputs!$B$8+Inputs!$B$5*COS(RADIANS(A6)) -> 1.1621621 | E6: =Inputs!$B$9+Inputs!$B$5*SIN(RADIANS(A6)) -> 0.081266292 | F6: =-Inputs!$B$6*(1-COS(RADIANS(C6))) -> -0.00063542563 | G6: =C6*Inputs!$B$7 -> 0.89597947 | H6: =SQRT(D6^2+E6^2) -> 1.165
A7: =5*Inputs!$B$10*Inputs!$B$7 -> 5 | B7: =5*Inputs!$B$10 -> 5 | C7: =DEGREES(ASIN(MIN(MAX(Inputs!$B$5/Inputs!$B$6*SIN(RADIANS(A7)),-1),1))) -> 1.1194881 | D7: =Inputs!$B$8+Inputs!$B$5*COS(RADIANS(A7)) -> 1.1605668 | E7: =Inputs!$B$9+Inputs!$B$5*SIN(RADIANS(A7)) -> 0.10153644 | F7: =-Inputs!$B$6*(1-COS(RADIANS(C7))) -> -0.00099197929 | G7: =C7*Inputs!$B$7 -> 1.1194881 | H7: =SQRT(D7^2+E7^2) -> 1.165
A8: =6*Inputs!$B$10*Inputs!$B$7 -> 6 | B8: =6*Inputs!$B$10 -> 6 | C8: =DEGREES(ASIN(MIN(MAX(Inputs!$B$5/Inputs!$B$6*SIN(RADIANS(A8)),-1),1))) -> 1.3426727 | D8: =Inputs!$B$8+Inputs!$B$5*COS(RADIANS(A8)) -> 1.158618 | E8: =Inputs!$B$9+Inputs!$B$5*SIN(RADIANS(A8)) -> 0.12177566 | F8: =-Inputs!$B$6*(1-COS(RADIANS(C8))) -> -0.0014269143 | G8: =C8*Inputs!$B$7 -> 1.3426727 | H8: =SQRT(D8^2+E8^2) -> 1.165
A9: =7*Inputs!$B$10*Inputs!$B$7 -> 7 | B9: =7*Inputs!$B$10 -> 7 | C9: =DEGREES(ASIN(MIN(MAX(Inputs!$B$5/Inputs!$B$6*SIN(RADIANS(A9)),-1),1))) -> 1.5654686 | D9: =Inputs!$B$8+Inputs!$B$5*COS(RADIANS(A9)) -> 1.1563163 | E9: =Inputs!$B$9+Inputs!$B$5*SIN(RADIANS(A9)) -> 0.14197779 | F9: =-Inputs!$B$6*(1-COS(RADIANS(C9))) -> -0.0019397204 | G9: =C9*Inputs!$B$7 -> 1.5654686 | H9: =SQRT(D9^2+E9^2) -> 1.165
A10: =8*Inputs!$B$10*Inputs!$B$7 -> 8 | B10: =8*Inputs!$B$10 -> 8 | C10: =DEGREES(ASIN(MIN(MAX(Inputs!$B$5/Inputs!$B$6*SIN(RADIANS(A10)),-1),1))) -> 1.7878111 | D10: =Inputs!$B$8+Inputs!$B$5*COS(RADIANS(A10)) -> 1.1536623 | E10: =Inputs!$B$9+Inputs!$B$5*SIN(RADIANS(A10)) -> 0.16213666 | F10: =-Inputs!$B$6*(1-COS(RADIANS(C10))) -> -0.0025297958 | G10: =C10*Inputs!$B$7 -> 1.7878111 | H10: =SQRT(D10^2+E10^2) -> 1.165
A11: =9*Inputs!$B$10*Inputs!$B$7 -> 9 | B11: =9*Inputs!$B$10 -> 9 | C11: =DEGREES(ASIN(MIN(MAX(Inputs!$B$5/Inputs!$B$6*SIN(RADIANS(A11)),-1),1))) -> 2.0096357 | D11: =Inputs!$B$8+Inputs!$B$5*COS(RADIANS(A11)) -> 1.1506569 | E11: =Inputs!$B$9+Inputs!$B$5*SIN(RADIANS(A11)) -> 0.18224615 | F11: =-Inputs!$B$6*(1-COS(RADIANS(C11))) -> -0.0031964477 | G11: =C11*Inputs!$B$7 -> 2.0096357 | H11: =SQRT(D11^2+E11^2) -> 1.165
A12: =10*Inputs!$B$10*Inputs!$B$7 -> 10 | B12: =10*Inputs!$B$10 -> 10 | C12: =DEGREES(ASIN(MIN(MAX(Inputs!$B$5/Inputs!$B$6*SIN(RADIANS(A12)),-1),1))) -> 2.2308779 | D12: =Inputs!$B$8+Inputs!$B$5*COS(RADIANS(A12)) -> 1.147301 | E12: =Inputs!$B$9+Inputs!$B$5*SIN(RADIANS(A12)) -> 0.20230013 | F12: =-Inputs!$B$6*(1-COS(RADIANS(C12))) -> -0.0039388932 | G12: =C12*Inputs!$B$7 -> 2.2308779 | H12: =SQRT(D12^2+E12^2) -> 1.165
A13: =11*Inputs!$B$10*Inputs!$B$7 -> 11 | B13: =11*Inputs!$B$10 -> 11 | C13: =DEGREES(ASIN(MIN(MAX(Inputs!$B$5/Inputs!$B$6*SIN(RADIANS(A13)),-1),1))) -> 2.4514735 | D13: =Inputs!$B$8+Inputs!$B$5*COS(RADIANS(A13)) -> 1.1435957 | E13: =Inputs!$B$9+Inputs!$B$5*SIN(RADIANS(A13)) -> 0.22229248 | F13: =-Inputs!$B$6*(1-COS(RADIANS(C13))) -> -0.0047562602 | G13: =C13*Inputs!$B$7 -> 2.4514735 | H13: =SQRT(D13^2+E13^2) -> 1.165
A14: =12*Inputs!$B$10*Inputs!$B$7 -> 12 | B14: =12*Inputs!$B$10 -> 12 | C14: =DEGREES(ASIN(MIN(MAX(Inputs!$B$5/Inputs!$B$6*SIN(RADIANS(A14)),-1),1))) -> 2.6713581 | D14: =Inputs!$B$8+Inputs!$B$5*COS(RADIANS(A14)) -> 1.139542 | E14: =Inputs!$B$9+Inputs!$B$5*SIN(RADIANS(A14)) -> 0.24221712 | F14: =-Inputs!$B$6*(1-COS(RADIANS(C14))) -> -0.0056475879 | G14: =C14*Inputs!$B$7 -> 2.6713581 | H14: =SQRT(D14^2+E14^2) -> 1.165
A15: =13*Inputs!$B$10*Inputs!$B$7 -> 13 | B15: =13*Inputs!$B$10 -> 13 | C15: =DEGREES(ASIN(MIN(MAX(Inputs!$B$5/Inputs!$B$6*SIN(RADIANS(A15)),-1),1))) -> 2.8904676 | D15: =Inputs!$B$8+Inputs!$B$5*COS(RADIANS(A15)) -> 1.1351411 | E15: =Inputs!$B$9+Inputs!$B$5*SIN(RADIANS(A15)) -> 0.26206798 | F15: =-Inputs!$B$6*(1-COS(RADIANS(C15))) -> -0.0066118281 | G15: =C15*Inputs!$B$7 -> 2.8904676 | H15: =SQRT(D15^2+E15^2) -> 1.165
A16: =14*Inputs!$B$10*Inputs!$B$7 -> 14 | B16: =14*Inputs!$B$10 -> 14 | C16: =DEGREES(ASIN(MIN(MAX(Inputs!$B$5/Inputs!$B$6*SIN(RADIANS(A16)),-1),1))) -> 3.108738 | D16: =Inputs!$B$8+Inputs!$B$5*COS(RADIANS(A16)) -> 1.1303945 | E16: =Inputs!$B$9+Inputs!$B$5*SIN(RADIANS(A16)) -> 0.28183901 | F16: =-Inputs!$B$6*(1-COS(RADIANS(C16))) -> -0.0076478465 | G16: =C16*Inputs!$B$7 -> 3.108738 | H16: =SQRT(D16^2+E16^2) -> 1.165
A17: =15*Inputs!$B$10*Inputs!$B$7 -> 15 | B17: =15*Inputs!$B$10 -> 15 | C17: =DEGREES(ASIN(MIN(MAX(Inputs!$B$5/Inputs!$B$6*SIN(RADIANS(A17)),-1),1))) -> 3.3261055 | D17: =Inputs!$B$8+Inputs!$B$5*COS(RADIANS(A17)) -> 1.1253036 | E17: =Inputs!$B$9+Inputs!$B$5*SIN(RADIANS(A17)) -> 0.30152419 | F17: =-Inputs!$B$6*(1-COS(RADIANS(C17))) -> -0.0087544233 | G17: =C17*Inputs!$B$7 -> 3.3261055 | H17: =SQRT(D17^2+E17^2) -> 1.165
A18: =16*Inputs!$B$10*Inputs!$B$7 -> 16 | B18: =16*Inputs!$B$10 -> 16 | C18: =DEGREES(ASIN(MIN(MAX(Inputs!$B$5/Inputs!$B$6*SIN(RADIANS(A18)),-1),1))) -> 3.5425065 | D18: =Inputs!$B$8+Inputs!$B$5*COS(RADIANS(A18)) -> 1.1198699 | E18: =Inputs!$B$9+Inputs!$B$5*SIN(RADIANS(A18)) -> 0.32111752 | F18: =-Inputs!$B$6*(1-COS(RADIANS(C18))) -> -0.0099302551 | G18: =C18*Inputs!$B$7 -> 3.5425065 | H18: =SQRT(D18^2+E18^2) -> 1.165
A19: =17*Inputs!$B$10*Inputs!$B$7 -> 17 | B19: =17*Inputs!$B$10 -> 17 | C19: =DEGREES(ASIN(MIN(MAX(Inputs!$B$5/Inputs!$B$6*SIN(RADIANS(A19)),-1),1))) -> 3.7578773 | D19: =Inputs!$B$8+Inputs!$B$5*COS(RADIANS(A19)) -> 1.114095 | E19: =Inputs!$B$9+Inputs!$B$5*SIN(RADIANS(A19)) -> 0.34061304 | F19: =-Inputs!$B$6*(1-COS(RADIANS(C19))) -> -0.011173956 | G19: =C19*Inputs!$B$7 -> 3.7578773 | H19: =SQRT(D19^2+E19^2) -> 1.165
A20: =18*Inputs!$B$10*Inputs!$B$7 -> 18 | B20: =18*Inputs!$B$10 -> 18 | C20: =DEGREES(ASIN(MIN(MAX(Inputs!$B$5/Inputs!$B$6*SIN(RADIANS(A20)),-1),1))) -> 3.9721547 | D20: =Inputs!$B$8+Inputs!$B$5*COS(RADIANS(A20)) -> 1.1079808 | E20: =Inputs!$B$9+Inputs!$B$5*SIN(RADIANS(A20)) -> 0.3600048 | F20: =-Inputs!$B$6*(1-COS(RADIANS(C20))) -> -0.012484059 | G20: =C20*Inputs!$B$7 -> 3.9721547 | H20: =SQRT(D20^2+E20^2) -> 1.165
A21: =19*Inputs!$B$10*Inputs!$B$7 -> 19 | B21: =19*Inputs!$B$10 -> 19 | C21: =DEGREES(ASIN(MIN(MAX(Inputs!$B$5/Inputs!$B$6*SIN(RADIANS(A21)),-1),1))) -> 4.1852755 | D21: =Inputs!$B$8+Inputs!$B$5*COS(RADIANS(A21)) -> 1.1015291 | E21: =Inputs!$B$9+Inputs!$B$5*SIN(RADIANS(A21)) -> 0.3792869 | F21: =-Inputs!$B$6*(1-COS(RADIANS(C21))) -> -0.013859017 | G21: =C21*Inputs!$B$7 -> 4.1852755 | H21: =SQRT(D21^2+E21^2) -> 1.165
A22: =20*Inputs!$B$10*Inputs!$B$7 -> 20 | B22: =20*Inputs!$B$10 -> 20 | C22: =DEGREES(ASIN(MIN(MAX(Inputs!$B$5/Inputs!$B$6*SIN(RADIANS(A22)),-1),1))) -> 4.3971768 | D22: =Inputs!$B$8+Inputs!$B$5*COS(RADIANS(A22)) -> 1.0947419 | E22: =Inputs!$B$9+Inputs!$B$5*SIN(RADIANS(A22)) -> 0.39845347 | F22: =-Inputs!$B$6*(1-COS(RADIANS(C22))) -> -0.015297207 | G22: =C22*Inputs!$B$7 -> 4.3971768 | H22: =SQRT(D22^2+E22^2) -> 1.165
A23: =21*Inputs!$B$10*Inputs!$B$7 -> 21 | B23: =21*Inputs!$B$10 -> 21 | C23: =DEGREES(ASIN(MIN(MAX(Inputs!$B$5/Inputs!$B$6*SIN(RADIANS(A23)),-1),1))) -> 4.607796 | D23: =Inputs!$B$8+Inputs!$B$5*COS(RADIANS(A23)) -> 1.0876212 | E23: =Inputs!$B$9+Inputs!$B$5*SIN(RADIANS(A23)) -> 0.41749866 | F23: =-Inputs!$B$6*(1-COS(RADIANS(C23))) -> -0.016796928 | G23: =C23*Inputs!$B$7 -> 4.607796 | H23: =SQRT(D23^2+E23^2) -> 1.165
A24: =22*Inputs!$B$10*Inputs!$B$7 -> 22 | B24: =22*Inputs!$B$10 -> 22 | C24: =DEGREES(ASIN(MIN(MAX(Inputs!$B$5/Inputs!$B$6*SIN(RADIANS(A24)),-1),1))) -> 4.8170705 | D24: =Inputs!$B$8+Inputs!$B$5*COS(RADIANS(A24)) -> 1.0801692 | E24: =Inputs!$B$9+Inputs!$B$5*SIN(RADIANS(A24)) -> 0.43641668 | F24: =-Inputs!$B$6*(1-COS(RADIANS(C24))) -> -0.018356405 | G24: =C24*Inputs!$B$7 -> 4.8170705 | H24: =SQRT(D24^2+E24^2) -> 1.165
A25: =23*Inputs!$B$10*Inputs!$B$7 -> 23 | B25: =23*Inputs!$B$10 -> 23 | C25: =DEGREES(ASIN(MIN(MAX(Inputs!$B$5/Inputs!$B$6*SIN(RADIANS(A25)),-1),1))) -> 5.0249383 | D25: =Inputs!$B$8+Inputs!$B$5*COS(RADIANS(A25)) -> 1.0723882 | E25: =Inputs!$B$9+Inputs!$B$5*SIN(RADIANS(A25)) -> 0.45520176 | F25: =-Inputs!$B$6*(1-COS(RADIANS(C25))) -> -0.019973792 | G25: =C25*Inputs!$B$7 -> 5.0249383 | H25: =SQRT(D25^2+E25^2) -> 1.165
A26: =24*Inputs!$B$10*Inputs!$B$7 -> 24 | B26: =24*Inputs!$B$10 -> 24 | C26: =DEGREES(ASIN(MIN(MAX(Inputs!$B$5/Inputs!$B$6*SIN(RADIANS(A26)),-1),1))) -> 5.2313373 | D26: =Inputs!$B$8+Inputs!$B$5*COS(RADIANS(A26)) -> 1.0642805 | E26: =Inputs!$B$9+Inputs!$B$5*SIN(RADIANS(A26)) -> 0.47384819 | F26: =-Inputs!$B$6*(1-COS(RADIANS(C26))) -> -0.021647172 | G26: =C26*Inputs!$B$7 -> 5.2313373 | H26: =SQRT(D26^2+E26^2) -> 1.165
A27: =25*Inputs!$B$10*Inputs!$B$7 -> 25 | B27: =25*Inputs!$B$10 -> 25 | C27: =DEGREES(ASIN(MIN(MAX(Inputs!$B$5/Inputs!$B$6*SIN(RADIANS(A27)),-1),1))) -> 5.4362059 | D27: =Inputs!$B$8+Inputs!$B$5*COS(RADIANS(A27)) -> 1.0558486 | E27: =Inputs!$B$9+Inputs!$B$5*SIN(RADIANS(A27)) -> 0.49235027 | F27: =-Inputs!$B$6*(1-COS(RADIANS(C27))) -> -0.023374559 | G27: =C27*Inputs!$B$7 -> 5.4362059 | H27: =SQRT(D27^2+E27^2) -> 1.165
A28: =26*Inputs!$B$10*Inputs!$B$7 -> 26 | B28: =26*Inputs!$B$10 -> 26 | C28: =DEGREES(ASIN(MIN(MAX(Inputs!$B$5/Inputs!$B$6*SIN(RADIANS(A28)),-1),1))) -> 5.6394827 | D28: =Inputs!$B$8+Inputs!$B$5*COS(RADIANS(A28)) -> 1.0470951 | E28: =Inputs!$B$9+Inputs!$B$5*SIN(RADIANS(A28)) -> 0.51070239 | F28: =-Inputs!$B$6*(1-COS(RADIANS(C28))) -> -0.025153901 | G28: =C28*Inputs!$B$7 -> 5.6394827 | H28: =SQRT(D28^2+E28^2) -> 1.165
A29: =27*Inputs!$B$10*Inputs!$B$7 -> 27 | B29: =27*Inputs!$B$10 -> 27 | C29: =DEGREES(ASIN(MIN(MAX(Inputs!$B$5/Inputs!$B$6*SIN(RADIANS(A29)),-1),1))) -> 5.8411068 | D29: =Inputs!$B$8+Inputs!$B$5*COS(RADIANS(A29)) -> 1.0380226 | E29: =Inputs!$B$9+Inputs!$B$5*SIN(RADIANS(A29)) -> 0.52889893 | F29: =-Inputs!$B$6*(1-COS(RADIANS(C29))) -> -0.026983083 | G29: =C29*Inputs!$B$7 -> 5.8411068 | H29: =SQRT(D29^2+E29^2) -> 1.165
A30: =28*Inputs!$B$10*Inputs!$B$7 -> 28 | B30: =28*Inputs!$B$10 -> 28 | C30: =DEGREES(ASIN(MIN(MAX(Inputs!$B$5/Inputs!$B$6*SIN(RADIANS(A30)),-1),1))) -> 6.0410173 | D30: =Inputs!$B$8+Inputs!$B$5*COS(RADIANS(A30)) -> 1.0286339 | E30: =Inputs!$B$9+Inputs!$B$5*SIN(RADIANS(A30)) -> 0.54693437 | F30: =-Inputs!$B$6*(1-COS(RADIANS(C30))) -> -0.028859929 | G30: =C30*Inputs!$B$7 -> 6.0410173 | H30: =SQRT(D30^2+E30^2) -> 1.165
A31: =29*Inputs!$B$10*Inputs!$B$7 -> 29 | B31: =29*Inputs!$B$10 -> 29 | C31: =DEGREES(ASIN(MIN(MAX(Inputs!$B$5/Inputs!$B$6*SIN(RADIANS(A31)),-1),1))) -> 6.2391541 | D31: =Inputs!$B$8+Inputs!$B$5*COS(RADIANS(A31)) -> 1.018932 | E31: =Inputs!$B$9+Inputs!$B$5*SIN(RADIANS(A31)) -> 0.56480321 | F31: =-Inputs!$B$6*(1-COS(RADIANS(C31))) -> -0.030782202 | G31: =C31*Inputs!$B$7 -> 6.2391541 | H31: =SQRT(D31^2+E31^2) -> 1.165
A32: =30*Inputs!$B$10*Inputs!$B$7 -> 30 | B32: =30*Inputs!$B$10 -> 30 | C32: =DEGREES(ASIN(MIN(MAX(Inputs!$B$5/Inputs!$B$6*SIN(RADIANS(A32)),-1),1))) -> 6.4354569 | D32: =Inputs!$B$8+Inputs!$B$5*COS(RADIANS(A32)) -> 1.0089196 | E32: =Inputs!$B$9+Inputs!$B$5*SIN(RADIANS(A32)) -> 0.5825 | F32: =-Inputs!$B$6*(1-COS(RADIANS(C32))) -> -0.03274761 | G32: =C32*Inputs!$B$7 -> 6.4354569 | H32: =SQRT(D32^2+E32^2) -> 1.165
A33: =31*Inputs!$B$10*Inputs!$B$7 -> 31 | B33: =31*Inputs!$B$10 -> 31 | C33: =DEGREES(ASIN(MIN(MAX(Inputs!$B$5/Inputs!$B$6*SIN(RADIANS(A33)),-1),1))) -> 6.6298664 | D33: =Inputs!$B$8+Inputs!$B$5*COS(RADIANS(A33)) -> 0.99859991 | E33: =Inputs!$B$9+Inputs!$B$5*SIN(RADIANS(A33)) -> 0.60001936 | F33: =-Inputs!$B$6*(1-COS(RADIANS(C33))) -> -0.034753806 | G33: =C33*Inputs!$B$7 -> 6.6298664 | H33: =SQRT(D33^2+E33^2) -> 1.165
A34: =32*Inputs!$B$10*Inputs!$B$7 -> 32 | B34: =32*Inputs!$B$10 -> 32 | C34: =DEGREES(ASIN(MIN(MAX(Inputs!$B$5/Inputs!$B$6*SIN(RADIANS(A34)),-1),1))) -> 6.8223231 | D34: =Inputs!$B$8+Inputs!$B$5*COS(RADIANS(A34)) -> 0.98797603 | E34: =Inputs!$B$9+Inputs!$B$5*SIN(RADIANS(A34)) -> 0.61735594 | F34: =-Inputs!$B$6*(1-COS(RADIANS(C34))) -> -0.036798392 | G34: =C34*Inputs!$B$7 -> 6.8223231 | H34: =SQRT(D34^2+E34^2) -> 1.165
A35: =33*Inputs!$B$10*Inputs!$B$7 -> 33 | B35: =33*Inputs!$B$10 -> 33 | C35: =DEGREES(ASIN(MIN(MAX(Inputs!$B$5/Inputs!$B$6*SIN(RADIANS(A35)),-1),1))) -> 7.0127683 | D35: =Inputs!$B$8+Inputs!$B$5*COS(RADIANS(A35)) -> 0.97705121 | E35: =Inputs!$B$9+Inputs!$B$5*SIN(RADIANS(A35)) -> 0.63450448 | F35: =-Inputs!$B$6*(1-COS(RADIANS(C35))) -> -0.038878921 | G35: =C35*Inputs!$B$7 -> 7.0127683 | H35: =SQRT(D35^2+E35^2) -> 1.165
A36: =34*Inputs!$B$10*Inputs!$B$7 -> 34 | B36: =34*Inputs!$B$10 -> 34 | C36: =DEGREES(ASIN(MIN(MAX(Inputs!$B$5/Inputs!$B$6*SIN(RADIANS(A36)),-1),1))) -> 7.2011437 | D36: =Inputs!$B$8+Inputs!$B$5*COS(RADIANS(A36)) -> 0.96582877 | E36: =Inputs!$B$9+Inputs!$B$5*SIN(RADIANS(A36)) -> 0.65145973 | F36: =-Inputs!$B$6*(1-COS(RADIANS(C36))) -> -0.0409929 | G36: =C36*Inputs!$B$7 -> 7.2011437 | H36: =SQRT(D36^2+E36^2) -> 1.165
A37: =35*Inputs!$B$10*Inputs!$B$7 -> 35 | B37: =35*Inputs!$B$10 -> 35 | C37: =DEGREES(ASIN(MIN(MAX(Inputs!$B$5/Inputs!$B$6*SIN(RADIANS(A37)),-1),1))) -> 7.3873912 | D37: =Inputs!$B$8+Inputs!$B$5*COS(RADIANS(A37)) -> 0.95431213 | E37: =Inputs!$B$9+Inputs!$B$5*SIN(RADIANS(A37)) -> 0.66821655 | F37: =-Inputs!$B$6*(1-COS(RADIANS(C37))) -> -0.043137793 | G37: =C37*Inputs!$B$7 -> 7.3873912 | H37: =SQRT(D37^2+E37^2) -> 1.165
A38: =36*Inputs!$B$10*Inputs!$B$7 -> 36 | B38: =36*Inputs!$B$10 -> 36 | C38: =DEGREES(ASIN(MIN(MAX(Inputs!$B$5/Inputs!$B$6*SIN(RADIANS(A38)),-1),1))) -> 7.5714535 | D38: =Inputs!$B$8+Inputs!$B$5*COS(RADIANS(A38)) -> 0.9425048 | E38: =Inputs!$B$9+Inputs!$B$5*SIN(RADIANS(A38)) -> 0.68476982 | F38: =-Inputs!$B$6*(1-COS(RADIANS(C38))) -> -0.045311025 | G38: =C38*Inputs!$B$7 -> 7.5714535 | H38: =SQRT(D38^2+E38^2) -> 1.165
A39: =37*Inputs!$B$10*Inputs!$B$7 -> 37 | B39: =37*Inputs!$B$10 -> 37 | C39: =DEGREES(ASIN(MIN(MAX(Inputs!$B$5/Inputs!$B$6*SIN(RADIANS(A39)),-1),1))) -> 7.7532736 | D39: =Inputs!$B$8+Inputs!$B$5*COS(RADIANS(A39)) -> 0.93041037 | E39: =Inputs!$B$9+Inputs!$B$5*SIN(RADIANS(A39)) -> 0.7011145 | F39: =-Inputs!$B$6*(1-COS(RADIANS(C39))) -> -0.047509981 | G39: =C39*Inputs!$B$7 -> 7.7532736 | H39: =SQRT(D39^2+E39^2) -> 1.165
A40: =38*Inputs!$B$10*Inputs!$B$7 -> 38 | B40: =38*Inputs!$B$10 -> 38 | C40: =DEGREES(ASIN(MIN(MAX(Inputs!$B$5/Inputs!$B$6*SIN(RADIANS(A40)),-1),1))) -> 7.932795 | D40: =Inputs!$B$8+Inputs!$B$5*COS(RADIANS(A40)) -> 0.91803253 | E40: =Inputs!$B$9+Inputs!$B$5*SIN(RADIANS(A40)) -> 0.71724562 | F40: =-Inputs!$B$6*(1-COS(RADIANS(C40))) -> -0.049732014 | G40: =C40*Inputs!$B$7 -> 7.932795 | H40: =SQRT(D40^2+E40^2) -> 1.165
A41: =39*Inputs!$B$10*Inputs!$B$7 -> 39 | B41: =39*Inputs!$B$10 -> 39 | C41: =DEGREES(ASIN(MIN(MAX(Inputs!$B$5/Inputs!$B$6*SIN(RADIANS(A41)),-1),1))) -> 8.1099618 | D41: =Inputs!$B$8+Inputs!$B$5*COS(RADIANS(A41)) -> 0.90537505 | E41: =Inputs!$B$9+Inputs!$B$5*SIN(RADIANS(A41)) -> 0.73315826 | F41: =-Inputs!$B$6*(1-COS(RADIANS(C41))) -> -0.051974444 | G41: =C41*Inputs!$B$7 -> 8.1099618 | H41: =SQRT(D41^2+E41^2) -> 1.165
A42: =40*Inputs!$B$10*Inputs!$B$7 -> 40 | B42: =40*Inputs!$B$10 -> 40 | C42: =DEGREES(ASIN(MIN(MAX(Inputs!$B$5/Inputs!$B$6*SIN(RADIANS(A42)),-1),1))) -> 8.2847185 | D42: =Inputs!$B$8+Inputs!$B$5*COS(RADIANS(A42)) -> 0.89244178 | E42: =Inputs!$B$9+Inputs!$B$5*SIN(RADIANS(A42)) -> 0.74884757 | F42: =-Inputs!$B$6*(1-COS(RADIANS(C42))) -> -0.054234565 | G42: =C42*Inputs!$B$7 -> 8.2847185 | H42: =SQRT(D42^2+E42^2) -> 1.165
A43: =41*Inputs!$B$10*Inputs!$B$7 -> 41 | B43: =41*Inputs!$B$10 -> 41 | C43: =DEGREES(ASIN(MIN(MAX(Inputs!$B$5/Inputs!$B$6*SIN(RADIANS(A43)),-1),1))) -> 8.4570105 | D43: =Inputs!$B$8+Inputs!$B$5*COS(RADIANS(A43)) -> 0.87923666 | E43: =Inputs!$B$9+Inputs!$B$5*SIN(RADIANS(A43)) -> 0.76430877 | F43: =-Inputs!$B$6*(1-COS(RADIANS(C43))) -> -0.056509643 | G43: =C43*Inputs!$B$7 -> 8.4570105 | H43: =SQRT(D43^2+E43^2) -> 1.165
A44: =42*Inputs!$B$10*Inputs!$B$7 -> 42 | B44: =42*Inputs!$B$10 -> 42 | C44: =DEGREES(ASIN(MIN(MAX(Inputs!$B$5/Inputs!$B$6*SIN(RADIANS(A44)),-1),1))) -> 8.6267833 | D44: =Inputs!$B$8+Inputs!$B$5*COS(RADIANS(A44)) -> 0.86576372 | E44: =Inputs!$B$9+Inputs!$B$5*SIN(RADIANS(A44)) -> 0.77953716 | F44: =-Inputs!$B$6*(1-COS(RADIANS(C44))) -> -0.058796927 | G44: =C44*Inputs!$B$7 -> 8.6267833 | H44: =SQRT(D44^2+E44^2) -> 1.165
A45: =43*Inputs!$B$10*Inputs!$B$7 -> 43 | B45: =43*Inputs!$B$10 -> 43 | C45: =DEGREES(ASIN(MIN(MAX(Inputs!$B$5/Inputs!$B$6*SIN(RADIANS(A45)),-1),1))) -> 8.7939835 | D45: =Inputs!$B$8+Inputs!$B$5*COS(RADIANS(A45)) -> 0.85202706 | E45: =Inputs!$B$9+Inputs!$B$5*SIN(RADIANS(A45)) -> 0.79452809 | F45: =-Inputs!$B$6*(1-COS(RADIANS(C45))) -> -0.061093642 | G45: =C45*Inputs!$B$7 -> 8.7939835 | H45: =SQRT(D45^2+E45^2) -> 1.165
A46: =44*Inputs!$B$10*Inputs!$B$7 -> 44 | B46: =44*Inputs!$B$10 -> 44 | C46: =DEGREES(ASIN(MIN(MAX(Inputs!$B$5/Inputs!$B$6*SIN(RADIANS(A46)),-1),1))) -> 8.9585581 | D46: =Inputs!$B$8+Inputs!$B$5*COS(RADIANS(A46)) -> 0.83803087 | E46: =Inputs!$B$9+Inputs!$B$5*SIN(RADIANS(A46)) -> 0.809277 | F46: =-Inputs!$B$6*(1-COS(RADIANS(C46))) -> -0.063397003 | G46: =C46*Inputs!$B$7 -> 8.9585581 | H46: =SQRT(D46^2+E46^2) -> 1.165
A47: =45*Inputs!$B$10*Inputs!$B$7 -> 45 | B47: =45*Inputs!$B$10 -> 45 | C47: =DEGREES(ASIN(MIN(MAX(Inputs!$B$5/Inputs!$B$6*SIN(RADIANS(A47)),-1),1))) -> 9.1204546 | D47: =Inputs!$B$8+Inputs!$B$5*COS(RADIANS(A47)) -> 0.8237794 | E47: =Inputs!$B$9+Inputs!$B$5*SIN(RADIANS(A47)) -> 0.8237794 | F47: =-Inputs!$B$6*(1-COS(RADIANS(C47))) -> -0.065704208 | G47: =C47*Inputs!$B$7 -> 9.1204546 | H47: =SQRT(D47^2+E47^2) -> 1.165
A48: =46*Inputs!$B$10*Inputs!$B$7 -> 46 | B48: =46*Inputs!$B$10 -> 46 | C48: =DEGREES(ASIN(MIN(MAX(Inputs!$B$5/Inputs!$B$6*SIN(RADIANS(A48)),-1),1))) -> 9.2796214 | D48: =Inputs!$B$8+Inputs!$B$5*COS(RADIANS(A48)) -> 0.809277 | E48: =Inputs!$B$9+Inputs!$B$5*SIN(RADIANS(A48)) -> 0.83803087 | F48: =-Inputs!$B$6*(1-COS(RADIANS(C48))) -> -0.068012452 | G48: =C48*Inputs!$B$7 -> 9.2796214 | H48: =SQRT(D48^2+E48^2) -> 1.165
A49: =47*Inputs!$B$10*Inputs!$B$7 -> 47 | B49: =47*Inputs!$B$10 -> 47 | C49: =DEGREES(ASIN(MIN(MAX(Inputs!$B$5/Inputs!$B$6*SIN(RADIANS(A49)),-1),1))) -> 9.4360076 | D49: =Inputs!$B$8+Inputs!$B$5*COS(RADIANS(A49)) -> 0.79452809 | E49: =Inputs!$B$9+Inputs!$B$5*SIN(RADIANS(A49)) -> 0.85202706 | F49: =-Inputs!$B$6*(1-COS(RADIANS(C49))) -> -0.070318921 | G49: =C49*Inputs!$B$7 -> 9.4360076 | H49: =SQRT(D49^2+E49^2) -> 1.165
A50: =48*Inputs!$B$10*Inputs!$B$7 -> 48 | B50: =48*Inputs!$B$10 -> 48 | C50: =DEGREES(ASIN(MIN(MAX(Inputs!$B$5/Inputs!$B$6*SIN(RADIANS(A50)),-1),1))) -> 9.5895629 | D50: =Inputs!$B$8+Inputs!$B$5*COS(RADIANS(A50)) -> 0.77953716 | E50: =Inputs!$B$9+Inputs!$B$5*SIN(RADIANS(A50)) -> 0.86576372 | F50: =-Inputs!$B$6*(1-COS(RADIANS(C50))) -> -0.072620801 | G50: =C50*Inputs!$B$7 -> 9.5895629 | H50: =SQRT(D50^2+E50^2) -> 1.165
A51: =49*Inputs!$B$10*Inputs!$B$7 -> 49 | B51: =49*Inputs!$B$10 -> 49 | C51: =DEGREES(ASIN(MIN(MAX(Inputs!$B$5/Inputs!$B$6*SIN(RADIANS(A51)),-1),1))) -> 9.7402377 | D51: =Inputs!$B$8+Inputs!$B$5*COS(RADIANS(A51)) -> 0.76430877 | E51: =Inputs!$B$9+Inputs!$B$5*SIN(RADIANS(A51)) -> 0.87923666 | F51: =-Inputs!$B$6*(1-COS(RADIANS(C51))) -> -0.074915279 | G51: =C51*Inputs!$B$7 -> 9.7402377 | H51: =SQRT(D51^2+E51^2) -> 1.165
A52: =50*Inputs!$B$10*Inputs!$B$7 -> 50 | B52: =50*Inputs!$B$10 -> 50 | C52: =DEGREES(ASIN(MIN(MAX(Inputs!$B$5/Inputs!$B$6*SIN(RADIANS(A52)),-1),1))) -> 9.8879833 | D52: =Inputs!$B$8+Inputs!$B$5*COS(RADIANS(A52)) -> 0.74884757 | E52: =Inputs!$B$9+Inputs!$B$5*SIN(RADIANS(A52)) -> 0.89244178 | F52: =-Inputs!$B$6*(1-COS(RADIANS(C52))) -> -0.077199547 | G52: =C52*Inputs!$B$7 -> 9.8879833 | H52: =SQRT(D52^2+E52^2) -> 1.165
A53: =51*Inputs!$B$10*Inputs!$B$7 -> 51 | B53: =51*Inputs!$B$10 -> 51 | C53: =DEGREES(ASIN(MIN(MAX(Inputs!$B$5/Inputs!$B$6*SIN(RADIANS(A53)),-1),1))) -> 10.032752 | D53: =Inputs!$B$8+Inputs!$B$5*COS(RADIANS(A53)) -> 0.73315826 | E53: =Inputs!$B$9+Inputs!$B$5*SIN(RADIANS(A53)) -> 0.90537505 | F53: =-Inputs!$B$6*(1-COS(RADIANS(C53))) -> -0.079470808 | G53: =C53*Inputs!$B$7 -> 10.032752 | H53: =SQRT(D53^2+E53^2) -> 1.165
A54: =52*Inputs!$B$10*Inputs!$B$7 -> 52 | B54: =52*Inputs!$B$10 -> 52 | C54: =DEGREES(ASIN(MIN(MAX(Inputs!$B$5/Inputs!$B$6*SIN(RADIANS(A54)),-1),1))) -> 10.174496 | D54: =Inputs!$B$8+Inputs!$B$5*COS(RADIANS(A54)) -> 0.71724562 | E54: =Inputs!$B$9+Inputs!$B$5*SIN(RADIANS(A54)) -> 0.91803253 | F54: =-Inputs!$B$6*(1-COS(RADIANS(C54))) -> -0.081726275 | G54: =C54*Inputs!$B$7 -> 10.174496 | H54: =SQRT(D54^2+E54^2) -> 1.165
A55: =53*Inputs!$B$10*Inputs!$B$7 -> 53 | B55: =53*Inputs!$B$10 -> 53 | C55: =DEGREES(ASIN(MIN(MAX(Inputs!$B$5/Inputs!$B$6*SIN(RADIANS(A55)),-1),1))) -> 10.313169 | D55: =Inputs!$B$8+Inputs!$B$5*COS(RADIANS(A55)) -> 0.7011145 | E55: =Inputs!$B$9+Inputs!$B$5*SIN(RADIANS(A55)) -> 0.93041037 | F55: =-Inputs!$B$6*(1-COS(RADIANS(C55))) -> -0.083963178 | G55: =C55*Inputs!$B$7 -> 10.313169 | H55: =SQRT(D55^2+E55^2) -> 1.165
A56: =54*Inputs!$B$10*Inputs!$B$7 -> 54 | B56: =54*Inputs!$B$10 -> 54 | C56: =DEGREES(ASIN(MIN(MAX(Inputs!$B$5/Inputs!$B$6*SIN(RADIANS(A56)),-1),1))) -> 10.448727 | D56: =Inputs!$B$8+Inputs!$B$5*COS(RADIANS(A56)) -> 0.68476982 | E56: =Inputs!$B$9+Inputs!$B$5*SIN(RADIANS(A56)) -> 0.9425048 | F56: =-Inputs!$B$6*(1-COS(RADIANS(C56))) -> -0.086178764 | G56: =C56*Inputs!$B$7 -> 10.448727 | H56: =SQRT(D56^2+E56^2) -> 1.165
A57: =55*Inputs!$B$10*Inputs!$B$7 -> 55 | B57: =55*Inputs!$B$10 -> 55 | C57: =DEGREES(ASIN(MIN(MAX(Inputs!$B$5/Inputs!$B$6*SIN(RADIANS(A57)),-1),1))) -> 10.581123 | D57: =Inputs!$B$8+Inputs!$B$5*COS(RADIANS(A57)) -> 0.66821655 | E57: =Inputs!$B$9+Inputs!$B$5*SIN(RADIANS(A57)) -> 0.95431213 | F57: =-Inputs!$B$6*(1-COS(RADIANS(C57))) -> -0.088370306 | G57: =C57*Inputs!$B$7 -> 10.581123 | H57: =SQRT(D57^2+E57^2) -> 1.165
A58: =56*Inputs!$B$10*Inputs!$B$7 -> 56 | B58: =56*Inputs!$B$10 -> 56 | C58: =DEGREES(ASIN(MIN(MAX(Inputs!$B$5/Inputs!$B$6*SIN(RADIANS(A58)),-1),1))) -> 10.710315 | D58: =Inputs!$B$8+Inputs!$B$5*COS(RADIANS(A58)) -> 0.65145973 | E58: =Inputs!$B$9+Inputs!$B$5*SIN(RADIANS(A58)) -> 0.96582877 | F58: =-Inputs!$B$6*(1-COS(RADIANS(C58))) -> -0.090535099 | G58: =C58*Inputs!$B$7 -> 10.710315 | H58: =SQRT(D58^2+E58^2) -> 1.165
A59: =57*Inputs!$B$10*Inputs!$B$7 -> 57 | B59: =57*Inputs!$B$10 -> 57 | C59: =DEGREES(ASIN(MIN(MAX(Inputs!$B$5/Inputs!$B$6*SIN(RADIANS(A59)),-1),1))) -> 10.83626 | D59: =Inputs!$B$8+Inputs!$B$5*COS(RADIANS(A59)) -> 0.63450448 | E59: =Inputs!$B$9+Inputs!$B$5*SIN(RADIANS(A59)) -> 0.97705121 | F59: =-Inputs!$B$6*(1-COS(RADIANS(C59))) -> -0.092670472 | G59: =C59*Inputs!$B$7 -> 10.83626 | H59: =SQRT(D59^2+E59^2) -> 1.165
A60: =58*Inputs!$B$10*Inputs!$B$7 -> 58 | B60: =58*Inputs!$B$10 -> 58 | C60: =DEGREES(ASIN(MIN(MAX(Inputs!$B$5/Inputs!$B$6*SIN(RADIANS(A60)),-1),1))) -> 10.958916 | D60: =Inputs!$B$8+Inputs!$B$5*COS(RADIANS(A60)) -> 0.61735594 | E60: =Inputs!$B$9+Inputs!$B$5*SIN(RADIANS(A60)) -> 0.98797603 | F60: =-Inputs!$B$6*(1-COS(RADIANS(C60))) -> -0.094773784 | G60: =C60*Inputs!$B$7 -> 10.958916 | H60: =SQRT(D60^2+E60^2) -> 1.165
A61: =59*Inputs!$B$10*Inputs!$B$7 -> 59 | B61: =59*Inputs!$B$10 -> 59 | C61: =DEGREES(ASIN(MIN(MAX(Inputs!$B$5/Inputs!$B$6*SIN(RADIANS(A61)),-1),1))) -> 11.078241 | D61: =Inputs!$B$8+Inputs!$B$5*COS(RADIANS(A61)) -> 0.60001936 | E61: =Inputs!$B$9+Inputs!$B$5*SIN(RADIANS(A61)) -> 0.99859991 | F61: =-Inputs!$B$6*(1-COS(RADIANS(C61))) -> -0.096842431 | G61: =C61*Inputs!$B$7 -> 11.078241 | H61: =SQRT(D61^2+E61^2) -> 1.165
A62: =60*Inputs!$B$10*Inputs!$B$7 -> 60 | B62: =60*Inputs!$B$10 -> 60 | C62: =DEGREES(ASIN(MIN(MAX(Inputs!$B$5/Inputs!$B$6*SIN(RADIANS(A62)),-1),1))) -> 11.194197 | D62: =Inputs!$B$8+Inputs!$B$5*COS(RADIANS(A62)) -> 0.5825 | E62: =Inputs!$B$9+Inputs!$B$5*SIN(RADIANS(A62)) -> 1.0089196 | F62: =-Inputs!$B$6*(1-COS(RADIANS(C62))) -> -0.098873849 | G62: =C62*Inputs!$B$7 -> 11.194197 | H62: =SQRT(D62^2+E62^2) -> 1.165
A63: =61*Inputs!$B$10*Inputs!$B$7 -> 61 | B63: =61*Inputs!$B$10 -> 61 | C63: =DEGREES(ASIN(MIN(MAX(Inputs!$B$5/Inputs!$B$6*SIN(RADIANS(A63)),-1),1))) -> 11.306744 | D63: =Inputs!$B$8+Inputs!$B$5*COS(RADIANS(A63)) -> 0.56480321 | E63: =Inputs!$B$9+Inputs!$B$5*SIN(RADIANS(A63)) -> 1.018932 | F63: =-Inputs!$B$6*(1-COS(RADIANS(C63))) -> -0.10086552 | G63: =C63*Inputs!$B$7 -> 11.306744 | H63: =SQRT(D63^2+E63^2) -> 1.165
A64: =62*Inputs!$B$10*Inputs!$B$7 -> 62 | B64: =62*Inputs!$B$10 -> 62 | C64: =DEGREES(ASIN(MIN(MAX(Inputs!$B$5/Inputs!$B$6*SIN(RADIANS(A64)),-1),1))) -> 11.415844 | D64: =Inputs!$B$8+Inputs!$B$5*COS(RADIANS(A64)) -> 0.54693437 | E64: =Inputs!$B$9+Inputs!$B$5*SIN(RADIANS(A64)) -> 1.0286339 | F64: =-Inputs!$B$6*(1-COS(RADIANS(C64))) -> -0.10281496 | G64: =C64*Inputs!$B$7 -> 11.415844 | H64: =SQRT(D64^2+E64^2) -> 1.165
A65: =63*Inputs!$B$10*Inputs!$B$7 -> 63 | B65: =63*Inputs!$B$10 -> 63 | C65: =DEGREES(ASIN(MIN(MAX(Inputs!$B$5/Inputs!$B$6*SIN(RADIANS(A65)),-1),1))) -> 11.521461 | D65: =Inputs!$B$8+Inputs!$B$5*COS(RADIANS(A65)) -> 0.52889893 | E65: =Inputs!$B$9+Inputs!$B$5*SIN(RADIANS(A65)) -> 1.0380226 | F65: =-Inputs!$B$6*(1-COS(RADIANS(C65))) -> -0.10471976 | G65: =C65*Inputs!$B$7 -> 11.521461 | H65: =SQRT(D65^2+E65^2) -> 1.165
A66: =64*Inputs!$B$10*Inputs!$B$7 -> 64 | B66: =64*Inputs!$B$10 -> 64 | C66: =DEGREES(ASIN(MIN(MAX(Inputs!$B$5/Inputs!$B$6*SIN(RADIANS(A66)),-1),1))) -> 11.623558 | D66: =Inputs!$B$8+Inputs!$B$5*COS(RADIANS(A66)) -> 0.51070239 | E66: =Inputs!$B$9+Inputs!$B$5*SIN(RADIANS(A66)) -> 1.0470951 | F66: =-Inputs!$B$6*(1-COS(RADIANS(C66))) -> -0.10657753 | G66: =C66*Inputs!$B$7 -> 11.623558 | H66: =SQRT(D66^2+E66^2) -> 1.165
A67: =65*Inputs!$B$10*Inputs!$B$7 -> 65 | B67: =65*Inputs!$B$10 -> 65 | C67: =DEGREES(ASIN(MIN(MAX(Inputs!$B$5/Inputs!$B$6*SIN(RADIANS(A67)),-1),1))) -> 11.722102 | D67: =Inputs!$B$8+Inputs!$B$5*COS(RADIANS(A67)) -> 0.49235027 | E67: =Inputs!$B$9+Inputs!$B$5*SIN(RADIANS(A67)) -> 1.0558486 | F67: =-Inputs!$B$6*(1-COS(RADIANS(C67))) -> -0.10838597 | G67: =C67*Inputs!$B$7 -> 11.722102 | H67: =SQRT(D67^2+E67^2) -> 1.165
A68: =66*Inputs!$B$10*Inputs!$B$7 -> 66 | B68: =66*Inputs!$B$10 -> 66 | C68: =DEGREES(ASIN(MIN(MAX(Inputs!$B$5/Inputs!$B$6*SIN(RADIANS(A68)),-1),1))) -> 11.817058 | D68: =Inputs!$B$8+Inputs!$B$5*COS(RADIANS(A68)) -> 0.47384819 | E68: =Inputs!$B$9+Inputs!$B$5*SIN(RADIANS(A68)) -> 1.0642805 | F68: =-Inputs!$B$6*(1-COS(RADIANS(C68))) -> -0.11014281 | G68: =C68*Inputs!$B$7 -> 11.817058 | H68: =SQRT(D68^2+E68^2) -> 1.165
A69: =67*Inputs!$B$10*Inputs!$B$7 -> 67 | B69: =67*Inputs!$B$10 -> 67 | C69: =DEGREES(ASIN(MIN(MAX(Inputs!$B$5/Inputs!$B$6*SIN(RADIANS(A69)),-1),1))) -> 11.908394 | D69: =Inputs!$B$8+Inputs!$B$5*COS(RADIANS(A69)) -> 0.45520176 | E69: =Inputs!$B$9+Inputs!$B$5*SIN(RADIANS(A69)) -> 1.0723882 | F69: =-Inputs!$B$6*(1-COS(RADIANS(C69))) -> -0.11184586 | G69: =C69*Inputs!$B$7 -> 11.908394 | H69: =SQRT(D69^2+E69^2) -> 1.165
A70: =68*Inputs!$B$10*Inputs!$B$7 -> 68 | B70: =68*Inputs!$B$10 -> 68 | C70: =DEGREES(ASIN(MIN(MAX(Inputs!$B$5/Inputs!$B$6*SIN(RADIANS(A70)),-1),1))) -> 11.996079 | D70: =Inputs!$B$8+Inputs!$B$5*COS(RADIANS(A70)) -> 0.43641668 | E70: =Inputs!$B$9+Inputs!$B$5*SIN(RADIANS(A70)) -> 1.0801692 | F70: =-Inputs!$B$6*(1-COS(RADIANS(C70))) -> -0.11349299 | G70: =C70*Inputs!$B$7 -> 11.996079 | H70: =SQRT(D70^2+E70^2) -> 1.165
A71: =69*Inputs!$B$10*Inputs!$B$7 -> 69 | B71: =69*Inputs!$B$10 -> 69 | C71: =DEGREES(ASIN(MIN(MAX(Inputs!$B$5/Inputs!$B$6*SIN(RADIANS(A71)),-1),1))) -> 12.080083 | D71: =Inputs!$B$8+Inputs!$B$5*COS(RADIANS(A71)) -> 0.41749866 | E71: =Inputs!$B$9+Inputs!$B$5*SIN(RADIANS(A71)) -> 1.0876212 | F71: =-Inputs!$B$6*(1-COS(RADIANS(C71))) -> -0.11508214 | G71: =C71*Inputs!$B$7 -> 12.080083 | H71: =SQRT(D71^2+E71^2) -> 1.165
A72: =70*Inputs!$B$10*Inputs!$B$7 -> 70 | B72: =70*Inputs!$B$10 -> 70 | C72: =DEGREES(ASIN(MIN(MAX(Inputs!$B$5/Inputs!$B$6*SIN(RADIANS(A72)),-1),1))) -> 12.160377 | D72: =Inputs!$B$8+Inputs!$B$5*COS(RADIANS(A72)) -> 0.39845347 | E72: =Inputs!$B$9+Inputs!$B$5*SIN(RADIANS(A72)) -> 1.0947419 | F72: =-Inputs!$B$6*(1-COS(RADIANS(C72))) -> -0.11661132 | G72: =C72*Inputs!$B$7 -> 12.160377 | H72: =SQRT(D72^2+E72^2) -> 1.165
A73: =71*Inputs!$B$10*Inputs!$B$7 -> 71 | B73: =71*Inputs!$B$10 -> 71 | C73: =DEGREES(ASIN(MIN(MAX(Inputs!$B$5/Inputs!$B$6*SIN(RADIANS(A73)),-1),1))) -> 12.236934 | D73: =Inputs!$B$8+Inputs!$B$5*COS(RADIANS(A73)) -> 0.3792869 | E73: =Inputs!$B$9+Inputs!$B$5*SIN(RADIANS(A73)) -> 1.1015291 | F73: =-Inputs!$B$6*(1-COS(RADIANS(C73))) -> -0.1180786 | G73: =C73*Inputs!$B$7 -> 12.236934 | H73: =SQRT(D73^2+E73^2) -> 1.165
A74: =72*Inputs!$B$10*Inputs!$B$7 -> 72 | B74: =72*Inputs!$B$10 -> 72 | C74: =DEGREES(ASIN(MIN(MAX(Inputs!$B$5/Inputs!$B$6*SIN(RADIANS(A74)),-1),1))) -> 12.309726 | D74: =Inputs!$B$8+Inputs!$B$5*COS(RADIANS(A74)) -> 0.3600048 | E74: =Inputs!$B$9+Inputs!$B$5*SIN(RADIANS(A74)) -> 1.1079808 | F74: =-Inputs!$B$6*(1-COS(RADIANS(C74))) -> -0.11948216 | G74: =C74*Inputs!$B$7 -> 12.309726 | H74: =SQRT(D74^2+E74^2) -> 1.165
A75: =73*Inputs!$B$10*Inputs!$B$7 -> 73 | B75: =73*Inputs!$B$10 -> 73 | C75: =DEGREES(ASIN(MIN(MAX(Inputs!$B$5/Inputs!$B$6*SIN(RADIANS(A75)),-1),1))) -> 12.378729 | D75: =Inputs!$B$8+Inputs!$B$5*COS(RADIANS(A75)) -> 0.34061304 | E75: =Inputs!$B$9+Inputs!$B$5*SIN(RADIANS(A75)) -> 1.114095 | F75: =-Inputs!$B$6*(1-COS(RADIANS(C75))) -> -0.12082021 | G75: =C75*Inputs!$B$7 -> 12.378729 | H75: =SQRT(D75^2+E75^2) -> 1.165
A76: =74*Inputs!$B$10*Inputs!$B$7 -> 74 | B76: =74*Inputs!$B$10 -> 74 | C76: =DEGREES(ASIN(MIN(MAX(Inputs!$B$5/Inputs!$B$6*SIN(RADIANS(A76)),-1),1))) -> 12.443919 | D76: =Inputs!$B$8+Inputs!$B$5*COS(RADIANS(A76)) -> 0.32111752 | E76: =Inputs!$B$9+Inputs!$B$5*SIN(RADIANS(A76)) -> 1.1198699 | F76: =-Inputs!$B$6*(1-COS(RADIANS(C76))) -> -0.12209109 | G76: =C76*Inputs!$B$7 -> 12.443919 | H76: =SQRT(D76^2+E76^2) -> 1.165
A77: =75*Inputs!$B$10*Inputs!$B$7 -> 75 | B77: =75*Inputs!$B$10 -> 75 | C77: =DEGREES(ASIN(MIN(MAX(Inputs!$B$5/Inputs!$B$6*SIN(RADIANS(A77)),-1),1))) -> 12.505273 | D77: =Inputs!$B$8+Inputs!$B$5*COS(RADIANS(A77)) -> 0.30152419 | E77: =Inputs!$B$9+Inputs!$B$5*SIN(RADIANS(A77)) -> 1.1253036 | F77: =-Inputs!$B$6*(1-COS(RADIANS(C77))) -> -0.12329319 | G77: =C77*Inputs!$B$7 -> 12.505273 | H77: =SQRT(D77^2+E77^2) -> 1.165
A78: =76*Inputs!$B$10*Inputs!$B$7 -> 76 | B78: =76*Inputs!$B$10 -> 76 | C78: =DEGREES(ASIN(MIN(MAX(Inputs!$B$5/Inputs!$B$6*SIN(RADIANS(A78)),-1),1))) -> 12.562769 | D78: =Inputs!$B$8+Inputs!$B$5*COS(RADIANS(A78)) -> 0.28183901 | E78: =Inputs!$B$9+Inputs!$B$5*SIN(RADIANS(A78)) -> 1.1303945 | F78: =-Inputs!$B$6*(1-COS(RADIANS(C78))) -> -0.12442499 | G78: =C78*Inputs!$B$7 -> 12.562769 | H78: =SQRT(D78^2+E78^2) -> 1.165
A79: =77*Inputs!$B$10*Inputs!$B$7 -> 77 | B79: =77*Inputs!$B$10 -> 77 | C79: =DEGREES(ASIN(MIN(MAX(Inputs!$B$5/Inputs!$B$6*SIN(RADIANS(A79)),-1),1))) -> 12.616389 | D79: =Inputs!$B$8+Inputs!$B$5*COS(RADIANS(A79)) -> 0.26206798 | E79: =Inputs!$B$9+Inputs!$B$5*SIN(RADIANS(A79)) -> 1.1351411 | F79: =-Inputs!$B$6*(1-COS(RADIANS(C79))) -> -0.12548508 | G79: =C79*Inputs!$B$7 -> 12.616389 | H79: =SQRT(D79^2+E79^2) -> 1.165
A80: =78*Inputs!$B$10*Inputs!$B$7 -> 78 | B80: =78*Inputs!$B$10 -> 78 | C80: =DEGREES(ASIN(MIN(MAX(Inputs!$B$5/Inputs!$B$6*SIN(RADIANS(A80)),-1),1))) -> 12.666112 | D80: =Inputs!$B$8+Inputs!$B$5*COS(RADIANS(A80)) -> 0.24221712 | E80: =Inputs!$B$9+Inputs!$B$5*SIN(RADIANS(A80)) -> 1.139542 | F80: =-Inputs!$B$6*(1-COS(RADIANS(C80))) -> -0.12647211 | G80: =C80*Inputs!$B$7 -> 12.666112 | H80: =SQRT(D80^2+E80^2) -> 1.165
A81: =79*Inputs!$B$10*Inputs!$B$7 -> 79 | B81: =79*Inputs!$B$10 -> 79 | C81: =DEGREES(ASIN(MIN(MAX(Inputs!$B$5/Inputs!$B$6*SIN(RADIANS(A81)),-1),1))) -> 12.711922 | D81: =Inputs!$B$8+Inputs!$B$5*COS(RADIANS(A81)) -> 0.22229248 | E81: =Inputs!$B$9+Inputs!$B$5*SIN(RADIANS(A81)) -> 1.1435957 | F81: =-Inputs!$B$6*(1-COS(RADIANS(C81))) -> -0.12738483 | G81: =C81*Inputs!$B$7 -> 12.711922 | H81: =SQRT(D81^2+E81^2) -> 1.165
A82: =80*Inputs!$B$10*Inputs!$B$7 -> 80 | B82: =80*Inputs!$B$10 -> 80 | C82: =DEGREES(ASIN(MIN(MAX(Inputs!$B$5/Inputs!$B$6*SIN(RADIANS(A82)),-1),1))) -> 12.753803 | D82: =Inputs!$B$8+Inputs!$B$5*COS(RADIANS(A82)) -> 0.20230013 | E82: =Inputs!$B$9+Inputs!$B$5*SIN(RADIANS(A82)) -> 1.147301 | F82: =-Inputs!$B$6*(1-COS(RADIANS(C82))) -> -0.12822211 | G82: =C82*Inputs!$B$7 -> 12.753803 | H82: =SQRT(D82^2+E82^2) -> 1.165
A83: =81*Inputs!$B$10*Inputs!$B$7 -> 81 | B83: =81*Inputs!$B$10 -> 81 | C83: =DEGREES(ASIN(MIN(MAX(Inputs!$B$5/Inputs!$B$6*SIN(RADIANS(A83)),-1),1))) -> 12.79174 | D83: =Inputs!$B$8+Inputs!$B$5*COS(RADIANS(A83)) -> 0.18224615 | E83: =Inputs!$B$9+Inputs!$B$5*SIN(RADIANS(A83)) -> 1.1506569 | F83: =-Inputs!$B$6*(1-COS(RADIANS(C83))) -> -0.12898287 | G83: =C83*Inputs!$B$7 -> 12.79174 | H83: =SQRT(D83^2+E83^2) -> 1.165
A84: =82*Inputs!$B$10*Inputs!$B$7 -> 82 | B84: =82*Inputs!$B$10 -> 82 | C84: =DEGREES(ASIN(MIN(MAX(Inputs!$B$5/Inputs!$B$6*SIN(RADIANS(A84)),-1),1))) -> 12.825719 | D84: =Inputs!$B$8+Inputs!$B$5*COS(RADIANS(A84)) -> 0.16213666 | E84: =Inputs!$B$9+Inputs!$B$5*SIN(RADIANS(A84)) -> 1.1536623 | F84: =-Inputs!$B$6*(1-COS(RADIANS(C84))) -> -0.12966615 | G84: =C84*Inputs!$B$7 -> 12.825719 | H84: =SQRT(D84^2+E84^2) -> 1.165
A85: =83*Inputs!$B$10*Inputs!$B$7 -> 83 | B85: =83*Inputs!$B$10 -> 83 | C85: =DEGREES(ASIN(MIN(MAX(Inputs!$B$5/Inputs!$B$6*SIN(RADIANS(A85)),-1),1))) -> 12.855729 | D85: =Inputs!$B$8+Inputs!$B$5*COS(RADIANS(A85)) -> 0.14197779 | E85: =Inputs!$B$9+Inputs!$B$5*SIN(RADIANS(A85)) -> 1.1563163 | F85: =-Inputs!$B$6*(1-COS(RADIANS(C85))) -> -0.13027111 | G85: =C85*Inputs!$B$7 -> 12.855729 | H85: =SQRT(D85^2+E85^2) -> 1.165
A86: =84*Inputs!$B$10*Inputs!$B$7 -> 84 | B86: =84*Inputs!$B$10 -> 84 | C86: =DEGREES(ASIN(MIN(MAX(Inputs!$B$5/Inputs!$B$6*SIN(RADIANS(A86)),-1),1))) -> 12.881759 | D86: =Inputs!$B$8+Inputs!$B$5*COS(RADIANS(A86)) -> 0.12177566 | E86: =Inputs!$B$9+Inputs!$B$5*SIN(RADIANS(A86)) -> 1.158618 | F86: =-Inputs!$B$6*(1-COS(RADIANS(C86))) -> -0.13079695 | G86: =C86*Inputs!$B$7 -> 12.881759 | H86: =SQRT(D86^2+E86^2) -> 1.165
A87: =85*Inputs!$B$10*Inputs!$B$7 -> 85 | B87: =85*Inputs!$B$10 -> 85 | C87: =DEGREES(ASIN(MIN(MAX(Inputs!$B$5/Inputs!$B$6*SIN(RADIANS(A87)),-1),1))) -> 12.9038 | D87: =Inputs!$B$8+Inputs!$B$5*COS(RADIANS(A87)) -> 0.10153644 | E87: =Inputs!$B$9+Inputs!$B$5*SIN(RADIANS(A87)) -> 1.1605668 | F87: =-Inputs!$B$6*(1-COS(RADIANS(C87))) -> -0.13124303 | G87: =C87*Inputs!$B$7 -> 12.9038 | H87: =SQRT(D87^2+E87^2) -> 1.165
A88: =86*Inputs!$B$10*Inputs!$B$7 -> 86 | B88: =86*Inputs!$B$10 -> 86 | C88: =DEGREES(ASIN(MIN(MAX(Inputs!$B$5/Inputs!$B$6*SIN(RADIANS(A88)),-1),1))) -> 12.921844 | D88: =Inputs!$B$8+Inputs!$B$5*COS(RADIANS(A88)) -> 0.081266292 | E88: =Inputs!$B$9+Inputs!$B$5*SIN(RADIANS(A88)) -> 1.1621621 | F88: =-Inputs!$B$6*(1-COS(RADIANS(C88))) -> -0.13160878 | G88: =C88*Inputs!$B$7 -> 12.921844 | H88: =SQRT(D88^2+E88^2) -> 1.165
A89: =87*Inputs!$B$10*Inputs!$B$7 -> 87 | B89: =87*Inputs!$B$10 -> 87 | C89: =DEGREES(ASIN(MIN(MAX(Inputs!$B$5/Inputs!$B$6*SIN(RADIANS(A89)),-1),1))) -> 12.935885 | D89: =Inputs!$B$8+Inputs!$B$5*COS(RADIANS(A89)) -> 0.060971389 | E89: =Inputs!$B$9+Inputs!$B$5*SIN(RADIANS(A89)) -> 1.1634034 | F89: =-Inputs!$B$6*(1-COS(RADIANS(C89))) -> -0.13189373 | G89: =C89*Inputs!$B$7 -> 12.935885 | H89: =SQRT(D89^2+E89^2) -> 1.165
A90: =88*Inputs!$B$10*Inputs!$B$7 -> 88 | B90: =88*Inputs!$B$10 -> 88 | C90: =DEGREES(ASIN(MIN(MAX(Inputs!$B$5/Inputs!$B$6*SIN(RADIANS(A90)),-1),1))) -> 12.945918 | D90: =Inputs!$B$8+Inputs!$B$5*COS(RADIANS(A90)) -> 0.040657914 | E90: =Inputs!$B$9+Inputs!$B$5*SIN(RADIANS(A90)) -> 1.1642903 | F90: =-Inputs!$B$6*(1-COS(RADIANS(C90))) -> -0.13209753 | G90: =C90*Inputs!$B$7 -> 12.945918 | H90: =SQRT(D90^2+E90^2) -> 1.165
A91: =89*Inputs!$B$10*Inputs!$B$7 -> 89 | B91: =89*Inputs!$B$10 -> 89 | C91: =DEGREES(ASIN(MIN(MAX(Inputs!$B$5/Inputs!$B$6*SIN(RADIANS(A91)),-1),1))) -> 12.951939 | D91: =Inputs!$B$8+Inputs!$B$5*COS(RADIANS(A91)) -> 0.020332053 | E91: =Inputs!$B$9+Inputs!$B$5*SIN(RADIANS(A91)) -> 1.1648226 | F91: =-Inputs!$B$6*(1-COS(RADIANS(C91))) -> -0.13221991 | G91: =C91*Inputs!$B$7 -> 12.951939 | H91: =SQRT(D91^2+E91^2) -> 1.165
A92: =90*Inputs!$B$10*Inputs!$B$7 -> 90 | B92: =90*Inputs!$B$10 -> 90 | C92: =DEGREES(ASIN(MIN(MAX(Inputs!$B$5/Inputs!$B$6*SIN(RADIANS(A92)),-1),1))) -> 12.953946 | D92: =Inputs!$B$8+Inputs!$B$5*COS(RADIANS(A92)) -> 7.1335676e-17 | E92: =Inputs!$B$9+Inputs!$B$5*SIN(RADIANS(A92)) -> 1.165 | F92: =-Inputs!$B$6*(1-COS(RADIANS(C92))) -> -0.13226072 | G92: =C92*Inputs!$B$7 -> 12.953946 | H92: =SQRT(D92^2+E92^2) -> 1.165
A93: =91*Inputs!$B$10*Inputs!$B$7 -> 91 | B93: =91*Inputs!$B$10 -> 91 | C93: =DEGREES(ASIN(MIN(MAX(Inputs!$B$5/Inputs!$B$6*SIN(RADIANS(A93)),-1),1))) -> 12.951939 | D93: =Inputs!$B$8+Inputs!$B$5*COS(RADIANS(A93)) -> -0.020332053 | E93: =Inputs!$B$9+Inputs!$B$5*SIN(RADIANS(A93)) -> 1.1648226 | F93: =-Inputs!$B$6*(1-COS(RADIANS(C93))) -> -0.13221991 | G93: =C93*Inputs!$B$7 -> 12.951939 | H93: =SQRT(D93^2+E93^2) -> 1.165
A94: =92*Inputs!$B$10*Inputs!$B$7 -> 92 | B94: =92*Inputs!$B$10 -> 92 | C94: =DEGREES(ASIN(MIN(MAX(Inputs!$B$5/Inputs!$B$6*SIN(RADIANS(A94)),-1),1))) -> 12.945918 | D94: =Inputs!$B$8+Inputs!$B$5*COS(RADIANS(A94)) -> -0.040657914 | E94: =Inputs!$B$9+Inputs!$B$5*SIN(RADIANS(A94)) -> 1.1642903 | F94: =-Inputs!$B$6*(1-COS(RADIANS(C94))) -> -0.13209753 | G94: =C94*Inputs!$B$7 -> 12.945918 | H94: =SQRT(D94^2+E94^2) -> 1.165
A95: =93*Inputs!$B$10*Inputs!$B$7 -> 93 | B95: =93*Inputs!$B$10 -> 93 | C95: =DEGREES(ASIN(MIN(MAX(Inputs!$B$5/Inputs!$B$6*SIN(RADIANS(A95)),-1),1))) -> 12.935885 | D95: =Inputs!$B$8+Inputs!$B$5*COS(RADIANS(A95)) -> -0.060971389 | E95: =Inputs!$B$9+Inputs!$B$5*SIN(RADIANS(A95)) -> 1.1634034 | F95: =-Inputs!$B$6*(1-COS(RADIANS(C95))) -> -0.13189373 | G95: =C95*Inputs!$B$7 -> 12.935885 | H95: =SQRT(D95^2+E95^2) -> 1.165
A96: =94*Inputs!$B$10*Inputs!$B$7 -> 94 | B96: =94*Inputs!$B$10 -> 94 | C96: =DEGREES(ASIN(MIN(MAX(Inputs!$B$5/Inputs!$B$6*SIN(RADIANS(A96)),-1),1))) -> 12.921844 | D96: =Inputs!$B$8+Inputs!$B$5*COS(RADIANS(A96)) -> -0.081266292 | E96: =Inputs!$B$9+Inputs!$B$5*SIN(RADIANS(A96)) -> 1.1621621 | F96: =-Inputs!$B$6*(1-COS(RADIANS(C96))) -> -0.13160878 | G96: =C96*Inputs!$B$7 -> 12.921844 | H96: =SQRT(D96^2+E96^2) -> 1.165
A97: =95*Inputs!$B$10*Inputs!$B$7 -> 95 | B97: =95*Inputs!$B$10 -> 95 | C97: =DEGREES(ASIN(MIN(MAX(Inputs!$B$5/Inputs!$B$6*SIN(RADIANS(A97)),-1),1))) -> 12.9038 | D97: =Inputs!$B$8+Inputs!$B$5*COS(RADIANS(A97)) -> -0.10153644 | E97: =Inputs!$B$9+Inputs!$B$5*SIN(RADIANS(A97)) -> 1.1605668 | F97: =-Inputs!$B$6*(1-COS(RADIANS(C97))) -> -0.13124303 | G97: =C97*Inputs!$B$7 -> 12.9038 | H97: =SQRT(D97^2+E97^2) -> 1.165
A98: =96*Inputs!$B$10*Inputs!$B$7 -> 96 | B98: =96*Inputs!$B$10 -> 96 | C98: =DEGREES(ASIN(MIN(MAX(Inputs!$B$5/Inputs!$B$6*SIN(RADIANS(A98)),-1),1))) -> 12.881759 | D98: =Inputs!$B$8+Inputs!$B$5*COS(RADIANS(A98)) -> -0.12177566 | E98: =Inputs!$B$9+Inputs!$B$5*SIN(RADIANS(A98)) -> 1.158618 | F98: =-Inputs!$B$6*(1-COS(RADIANS(C98))) -> -0.13079695 | G98: =C98*Inputs!$B$7 -> 12.881759 | H98: =SQRT(D98^2+E98^2) -> 1.165
A99: =97*Inputs!$B$10*Inputs!$B$7 -> 97 | B99: =97*Inputs!$B$10 -> 97 | C99: =DEGREES(ASIN(MIN(MAX(Inputs!$B$5/Inputs!$B$6*SIN(RADIANS(A99)),-1),1))) -> 12.855729 | D99: =Inputs!$B$8+Inputs!$B$5*COS(RADIANS(A99)) -> -0.14197779 | E99: =Inputs!$B$9+Inputs!$B$5*SIN(RADIANS(A99)) -> 1.1563163 | F99: =-Inputs!$B$6*(1-COS(RADIANS(C99))) -> -0.13027111 | G99: =C99*Inputs!$B$7 -> 12.855729 | H99: =SQRT(D99^2+E99^2) -> 1.165
A100: =98*Inputs!$B$10*Inputs!$B$7 -> 98 | B100: =98*Inputs!$B$10 -> 98 | C100: =DEGREES(ASIN(MIN(MAX(Inputs!$B$5/Inputs!$B$6*SIN(RADIANS(A100)),-1),1))) -> 12.825719 | D100: =Inputs!$B$8+Inputs!$B$5*COS(RADIANS(A100)) -> -0.16213666 | E100: =Inputs!$B$9+Inputs!$B$5*SIN(RADIANS(A100)) -> 1.1536623 | F100: =-Inputs!$B$6*(1-COS(RADIANS(C100))) -> -0.12966615 | G100: =C100*Inputs!$B$7 -> 12.825719 | H100: =SQRT(D100^2+E100^2) -> 1.165
...

Sheet GCode
A1: O9010 — Generated G-Code
A2: Each row = one block. Each cell = one word. Positive values have no sign.
A3: N | B3: G/M | C3: X | D3: Y | E3: Z | F3: B | G3: C | H3: F / S / H
A4: (PREAMBLE) | B4: G20 | C4: G90 | D4: G94
B5: G49
B6: G00 | F6: B0.0000 | G6: C0.0000 | H6: =CONCATENATE("Z",TEXT(Inputs!B11,"0.0000")) -> Z1.0000
B7: G00 | C7: =CONCATENATE("X",TEXT(ABS(Inputs!B8+Inputs!B5),"0.0000")) -> X1.1650 | D7: =CONCATENATE("Y",TEXT(ABS(Inputs!B9),"0.0000")) -> Y0.0000
B8: G234 | H8: =CONCATENATE("H",TEXT(Inputs!B14,"0")) -> H1
B9: M03 | H9: =CONCATENATE("S",TEXT(Inputs!B12,"0")) -> S1200
B10: G00 | C10: =CONCATENATE("X",TEXT(ABS(Inputs!B8+Inputs!B5),"0.0000")) -> X1.1650 | D10: =CONCATENATE("Y",TEXT(ABS(Inputs!B9),"0.0000")) -> Y0.0000 | E10: =CONCATENATE("Z",TEXT(Inputs!B11,"0.0000")) -> Z1.0000 | F10: B0.0000 | G10: C0.0000
B11: G01 | C11: =CONCATENATE("X",TEXT(ABS(Inputs!B8+Inputs!B5),"0.0000")) -> X1.1650 | D11: =CONCATENATE("Y",TEXT(ABS(Inputs!B9),"0.0000")) -> Y0.0000 | E11: Z0.0000 | F11: B0.0000 | G11: C0.0000 | H11: =CONCATENATE("F",TEXT(Inputs!B13,"0.0")) -> F8.0
A12: (CONTOUR)
A13: N1 | B13: G01 | C13: =CONCATENATE("X",IF(Data!D2<0,"-",""),TEXT(ABS(Data!D2),"0.0000")) -> X1.1650 | D13: =CONCATENATE("Y",IF(Data!E2<0,"-",""),TEXT(ABS(Data!E2),"0.0000")) -> Y0.0000 | E13: =CONCATENATE("Z",IF(Data!F2<0,"-",""),TEXT(ABS(Data!F2),"0.0000")) -> Z0.0000 | F13: =CONCATENATE("B",IF(Data!G2<0,"-",""),TEXT(ABS(Data!G2),"0.0000")) -> B0.0000 | G13: =CONCATENATE("C",IF(Data!A2<0,"-",""),TEXT(ABS(Data!A2),"0.0000")) -> C0.0000
A14: N2 | B14: G01 | C14: =CONCATENATE("X",IF(Data!D3<0,"-",""),TEXT(ABS(Data!D3),"0.0000")) -> X1.1648 | D14: =CONCATENATE("Y",IF(Data!E3<0,"-",""),TEXT(ABS(Data!E3),"0.0000")) -> Y0.0203 | E14: =CONCATENATE("Z",IF(Data!F3<0,"-",""),TEXT(ABS(Data!F3),"0.0000")) -> Z-0.0000 | F14: =CONCATENATE("B",IF(Data!G3<0,"-",""),TEXT(ABS(Data!G3),"0.0000")) -> B0.2242 | G14: =CONCATENATE("C",IF(Data!A3<0,"-",""),TEXT(ABS(Data!A3),"0.0000")) -> C1.0000
A15: N3 | B15: G01 | C15: =CONCATENATE("X",IF(Data!D4<0,"-",""),TEXT(ABS(Data!D4),"0.0000")) -> X1.1643 | D15: =CONCATENATE("Y",IF(Data!E4<0,"-",""),TEXT(ABS(Data!E4),"0.0000")) -> Y0.0407 | E15: =CONCATENATE("Z",IF(Data!F4<0,"-",""),TEXT(ABS(Data!F4),"0.0000")) -> Z-0.0002 | F15: =CONCATENATE("B",IF(Data!G4<0,"-",""),TEXT(ABS(Data!G4),"0.0000")) -> B0.4482 | G15: =CONCATENATE("C",IF(Data!A4<0,"-",""),TEXT(ABS(Data!A4),"0.0000")) -> C2.0000
A16: N4 | B16: G01 | C16: =CONCATENATE("X",IF(Data!D5<0,"-",""),TEXT(ABS(Data!D5),"0.0000")) -> X1.1634 | D16: =CONCATENATE("Y",IF(Data!E5<0,"-",""),TEXT(ABS(Data!E5),"0.0000")) -> Y0.0610 | E16: =CONCATENATE("Z",IF(Data!F5<0,"-",""),TEXT(ABS(Data!F5),"0.0000")) -> Z-0.0004 | F16: =CONCATENATE("B",IF(Data!G5<0,"-",""),TEXT(ABS(Data!G5),"0.0000")) -> B0.6722 | G16: =CONCATENATE("C",IF(Data!A5<0,"-",""),TEXT(ABS(Data!A5),"0.0000")) -> C3.0000
A17: N5 | B17: G01 | C17: =CONCATENATE("X",IF(Data!D6<0,"-",""),TEXT(ABS(Data!D6),"0.0000")) -> X1.1622 | D17: =CONCATENATE("Y",IF(Data!E6<0,"-",""),TEXT(ABS(Data!E6),"0.0000")) -> Y0.0813 | E17: =CONCATENATE("Z",IF(Data!F6<0,"-",""),TEXT(ABS(Data!F6),"0.0000")) -> Z-0.0006 | F17: =CONCATENATE("B",IF(Data!G6<0,"-",""),TEXT(ABS(Data!G6),"0.0000")) -> B0.8960 | G17: =CONCATENATE("C",IF(Data!A6<0,"-",""),TEXT(ABS(Data!A6),"0.0000")) -> C4.0000
A18: N6 | B18: G01 | C18: =CONCATENATE("X",IF(Data!D7<0,"-",""),TEXT(ABS(Data!D7),"0.0000")) -> X1.1606 | D18: =CONCATENATE("Y",IF(Data!E7<0,"-",""),TEXT(ABS(Data!E7),"0.0000")) -> Y0.1015 | E18: =CONCATENATE("Z",IF(Data!F7<0,"-",""),TEXT(ABS(Data!F7),"0.0000")) -> Z-0.0010 | F18: =CONCATENATE("B",IF(Data!G7<0,"-",""),TEXT(ABS(Data!G7),"0.0000")) -> B1.1195 | G18: =CONCATENATE("C",IF(Data!A7<0,"-",""),TEXT(ABS(Data!A7),"0.0000")) -> C5.0000
A19: N7 | B19: G01 | C19: =CONCATENATE("X",IF(Data!D8<0,"-",""),TEXT(ABS(Data!D8),"0.0000")) -> X1.1586 | D19: =CONCATENATE("Y",IF(Data!E8<0,"-",""),TEXT(ABS(Data!E8),"0.0000")) -> Y0.1218 | E19: =CONCATENATE("Z",IF(Data!F8<0,"-",""),TEXT(ABS(Data!F8),"0.0000")) -> Z-0.0014 | F19: =CONCATENATE("B",IF(Data!G8<0,"-",""),TEXT(ABS(Data!G8),"0.0000")) -> B1.3427 | G19: =CONCATENATE("C",IF(Data!A8<0,"-",""),TEXT(ABS(Data!A8),"0.0000")) -> C6.0000
A20: N8 | B20: G01 | C20: =CONCATENATE("X",IF(Data!D9<0,"-",""),TEXT(ABS(Data!D9),"0.0000")) -> X1.1563 | D20: =CONCATENATE("Y",IF(Data!E9<0,"-",""),TEXT(ABS(Data!E9),"0.0000")) -> Y0.1420 | E20: =CONCATENATE("Z",IF(Data!F9<0,"-",""),TEXT(ABS(Data!F9),"0.0000")) -> Z-0.0019 | F20: =CONCATENATE("B",IF(Data!G9<0,"-",""),TEXT(ABS(Data!G9),"0.0000")) -> B1.5655 | G20: =CONCATENATE("C",IF(Data!A9<0,"-",""),TEXT(ABS(Data!A9),"0.0000")) -> C7.0000
A21: N9 | B21: G01 | C21: =CONCATENATE("X",IF(Data!D10<0,"-",""),TEXT(ABS(Data!D10),"0.0000")) -> X1.1537 | D21: =CONCATENATE("Y",IF(Data!E10<0,"-",""),TEXT(ABS(Data!E10),"0.0000")) -> Y0.1621 | E21: =CONCATENATE("Z",IF(Data!F10<0,"-",""),TEXT(ABS(Data!F10),"0.0000")) -> Z-0.0025 | F21: =CONCATENATE("B",IF(Data!G10<0,"-",""),TEXT(ABS(Data!G10),"0.0000")) -> B1.7878 | G21: =CONCATENATE("C",IF(Data!A10<0,"-",""),TEXT(ABS(Data!A10),"0.0000")) -> C8.0000
A22: N10 | B22: G01 | C22: =CONCATENATE("X",IF(Data!D11<0,"-",""),TEXT(ABS(Data!D11),"0.0000")) -> X1.1507 | D22: =CONCATENATE("Y",IF(Data!E11<0,"-",""),TEXT(ABS(Data!E11),"0.0000")) -> Y0.1822 | E22: =CONCATENATE("Z",IF(Data!F11<0,"-",""),TEXT(ABS(Data!F11),"0.0000")) -> Z-0.0032 | F22: =CONCATENATE("B",IF(Data!G11<0,"-",""),TEXT(ABS(Data!G11),"0.0000")) -> B2.0096 | G22: =CONCATENATE("C",IF(Data!A11<0,"-",""),TEXT(ABS(Data!A11),"0.0000")) -> C9.0000
A23: N11 | B23: G01 | C23: =CONCATENATE("X",IF(Data!D12<0,"-",""),TEXT(ABS(Data!D12),"0.0000")) -> X1.1473 | D23: =CONCATENATE("Y",IF(Data!E12<0,"-",""),TEXT(ABS(Data!E12),"0.0000")) -> Y0.2023 | E23: =CONCATENATE("Z",IF(Data!F12<0,"-",""),TEXT(ABS(Data!F12),"0.0000")) -> Z-0.0039 | F23: =CONCATENATE("B",IF(Data!G12<0,"-",""),TEXT(ABS(Data!G12),"0.0000")) -> B2.2309 | G23: =CONCATENATE("C",IF(Data!A12<0,"-",""),TEXT(ABS(Data!A12),"0.0000")) -> C10.0000
A24: N12 | B24: G01 | C24: =CONCATENATE("X",IF(Data!D13<0,"-",""),TEXT(ABS(Data!D13),"0.0000")) -> X1.1436 | D24: =CONCATENATE("Y",IF(Data!E13<0,"-",""),TEXT(ABS(Data!E13),"0.0000")) -> Y0.2223 | E24: =CONCATENATE("Z",IF(Data!F13<0,"-",""),TEXT(ABS(Data!F13),"0.0000")) -> Z-0.0048 | F24: =CONCATENATE("B",IF(Data!G13<0,"-",""),TEXT(ABS(Data!G13),"0.0000")) -> B2.4515 | G24: =CONCATENATE("C",IF(Data!A13<0,"-",""),TEXT(ABS(Data!A13),"0.0000")) -> C11.0000
... A373: N361 | B373: G01 | C373: =CONCATENATE("X",IF(Data!D362<0,"-",""),TEXT(ABS(Data!D362),"0.0000")) -> X1.1650 | D373: =CONCATENATE("Y",IF(Data!E362<0,"-",""),TEXT(ABS(Data!E362),"0.0000")) -> Y-0.0000 | E373: =CONCATENATE("Z",IF(Data!F362<0,"-",""),TEXT(ABS(Data!F362),"0.0000")) -> Z0.0000 | F373: =CONCATENATE("B",IF(Data!G362<0,"-",""),TEXT(ABS(Data!G362),"0.0000")) -> B-0.0000 | G373: =CONCATENATE("C",IF(Data!A362<0,"-",""),TEXT(ABS(Data!A362),"0.0000")) -> C360.0000
A374: (RETRACT) | B374: G49
B375: G00 | E375: =CONCATENATE("Z",TEXT(Inputs!B11,"0.0000")) -> Z1.0000
B376: G00 | F376: B0.0000 | G376: C0.0000
B377: G43 | H377: =CONCATENATE("H",TEXT(Inputs!B14,"0")) -> H1
B378: M99

Sheet XY Plot
A1: Tool Path — XY Plane
A2: Single clean circle = correct

Sheet XZ Plot
A1: Z Profile vs C Angle
A2: Smooth saddle 0->deep->0 = correct

Sheet Phi Plot
A1: Phi vs C Angle
A2: Peak = ASIN(I/J) = correct

Sheet B Tilt Plot
A1: B Axis Tilt vs C Angle
A2: Sinusoid bounded by ASIN(I/J)

Sheet Radius Check
A1: Radius Check (flat = correct)
A2: Flat line at I = no XY error
